<TextureAtlas imagePath="sheet.png">
	<SubTexture name="DPAD.png" x="600" y="900" width="100" height="100"/>
	<SubTexture name="DPAD_all.png" x="600" y="800" width="100" height="100"/>
	<SubTexture name="DPAD_down.png" x="600" y="700" width="100" height="100"/>
	<SubTexture name="DPAD_left.png" x="600" y="600" width="100" height="100"/>
	<SubTexture name="DPAD_right.png" x="600" y="500" width="100" height="100"/>
	<SubTexture name="DPAD_up.png" x="600" y="400" width="100" height="100"/>
	<SubTexture name="car.png" x="0" y="200" width="100" height="100"/>
	<SubTexture name="cloud.png" x="0" y="100" width="100" height="100"/>
	<SubTexture name="cloudUpload.png" x="0" y="0" width="100" height="100"/>
	<SubTexture name="coin.png" x="400" y="0" width="100" height="100"/>
	<SubTexture name="controllerTilt.png" x="700" y="900" width="100" height="100"/>
	<SubTexture name="controllerTilt_left.png" x="700" y="800" width="100" height="100"/>
	<SubTexture name="controllerTilt_right.png" x="700" y="700" width="100" height="100"/>
	<SubTexture name="cpu.png" x="700" y="600" width="100" height="100"/>
	<SubTexture name="cursor.png" x="700" y="500" width="100" height="100"/>
	<SubTexture name="deviceTilt.png" x="700" y="400" width="100" height="100"/>
	<SubTexture name="deviceTilt_left.png" x="700" y="300" width="100" height="100"/>
	<SubTexture name="deviceTilt_right.png" x="700" y="200" width="100" height="100"/>
	<SubTexture name="diamond.png" x="700" y="100" width="100" height="100"/>
	<SubTexture name="download.png" x="700" y="0" width="100" height="100"/>
	<SubTexture name="fightFist.png" x="600" y="300" width="100" height="100"/>
	<SubTexture name="fightFist_circle.png" x="600" y="200" width="100" height="100"/>
	<SubTexture name="fightJ.png" x="600" y="100" width="100" height="100"/>
	<SubTexture name="fightJoy_00.png" x="600" y="0" width="100" height="100"/>
	<SubTexture name="fightJoy_01.png" x="500" y="900" width="100" height="100"/>
	<SubTexture name="fightJoy_02.png" x="500" y="800" width="100" height="100"/>
	<SubTexture name="fightJoy_03.png" x="500" y="700" width="100" height="100"/>
	<SubTexture name="fightJoy_04.png" x="500" y="600" width="100" height="100"/>
	<SubTexture name="fightJoy_05.png" x="500" y="500" width="100" height="100"/>
	<SubTexture name="fightJoy_06.png" x="500" y="400" width="100" height="100"/>
	<SubTexture name="fightJoy_07.png" x="500" y="300" width="100" height="100"/>
	<SubTexture name="fightJoy_08.png" x="500" y="200" width="100" height="100"/>
	<SubTexture name="fightJoy_09.png" x="500" y="100" width="100" height="100"/>
	<SubTexture name="fightJoy_10.png" x="500" y="0" width="100" height="100"/>
	<SubTexture name="fightJoy_11.png" x="400" y="900" width="100" height="100"/>
	<SubTexture name="fightJoy_12.png" x="400" y="800" width="100" height="100"/>
	<SubTexture name="fightJoy_13.png" x="400" y="700" width="100" height="100"/>
	<SubTexture name="fightJoy_14.png" x="400" y="600" width="100" height="100"/>
	<SubTexture name="fightJoy_15.png" x="400" y="500" width="100" height="100"/>
	<SubTexture name="fightJoy_16.png" x="400" y="400" width="100" height="100"/>
	<SubTexture name="fightJoy_17.png" x="400" y="300" width="100" height="100"/>
	<SubTexture name="fightJoy_18.png" x="400" y="200" width="100" height="100"/>
	<SubTexture name="fightJoy_19.png" x="400" y="100" width="100" height="100"/>
	<SubTexture name="fightJoy_20.png" x="800" y="0" width="100" height="100"/>
	<SubTexture name="fightJoy_21.png" x="300" y="900" width="100" height="100"/>
	<SubTexture name="fightJoy_22.png" x="300" y="800" width="100" height="100"/>
	<SubTexture name="fightJoy_23.png" x="300" y="700" width="100" height="100"/>
	<SubTexture name="fightJoy_24.png" x="300" y="600" width="100" height="100"/>
	<SubTexture name="fightJoy_25.png" x="300" y="500" width="100" height="100"/>
	<SubTexture name="fightJoy_26.png" x="300" y="400" width="100" height="100"/>
	<SubTexture name="fightJoy_27.png" x="300" y="300" width="100" height="100"/>
	<SubTexture name="fightJoy_28.png" x="300" y="200" width="100" height="100"/>
	<SubTexture name="fightJoy_29.png" x="300" y="100" width="100" height="100"/>
	<SubTexture name="fightJoy_30.png" x="300" y="0" width="100" height="100"/>
	<SubTexture name="fightJoy_31.png" x="200" y="900" width="100" height="100"/>
	<SubTexture name="fightPlus.png" x="200" y="800" width="100" height="100"/>
	<SubTexture name="figurine.png" x="200" y="700" width="100" height="100"/>
	<SubTexture name="flag.png" x="200" y="600" width="100" height="100"/>
	<SubTexture name="joystick.png" x="200" y="500" width="100" height="100"/>
	<SubTexture name="joystickL_side.png" x="200" y="400" width="100" height="100"/>
	<SubTexture name="joystickL_top.png" x="200" y="300" width="100" height="100"/>
	<SubTexture name="joystickLeft.png" x="200" y="200" width="100" height="100"/>
	<SubTexture name="joystickR_side.png" x="200" y="100" width="100" height="100"/>
	<SubTexture name="joystickR_top.png" x="200" y="0" width="100" height="100"/>
	<SubTexture name="joystickRight.png" x="100" y="900" width="100" height="100"/>
	<SubTexture name="key.png" x="100" y="800" width="100" height="100"/>
	<SubTexture name="keyLarge.png" x="100" y="700" width="100" height="100"/>
	<SubTexture name="keyLarge_3d.png" x="100" y="600" width="100" height="100"/>
	<SubTexture name="keySmall.png" x="100" y="500" width="100" height="100"/>
	<SubTexture name="keySmall_3d.png" x="100" y="400" width="100" height="100"/>
	<SubTexture name="mouse.png" x="100" y="300" width="100" height="100"/>
	<SubTexture name="mouseLeft.png" x="100" y="200" width="100" height="100"/>
	<SubTexture name="mouseMiddle.png" x="100" y="100" width="100" height="100"/>
	<SubTexture name="mouseRight.png" x="100" y="0" width="100" height="100"/>
	<SubTexture name="pointer.png" x="0" y="900" width="100" height="100"/>
	<SubTexture name="toolBrush.png" x="0" y="800" width="100" height="100"/>
	<SubTexture name="toolEraser.png" x="0" y="700" width="100" height="100"/>
	<SubTexture name="toolFill.png" x="0" y="600" width="100" height="100"/>
	<SubTexture name="toolPencil.png" x="0" y="500" width="100" height="100"/>
	<SubTexture name="upload.png" x="0" y="400" width="100" height="100"/>
	<SubTexture name="userRobot.png" x="0" y="300" width="100" height="100"/>
</TextureAtlas>