<TextureAtlas imagePath="sheet.png">
	<SubTexture name="DPAD.png" x="350" y="250" width="50" height="50"/>
	<SubTexture name="DPAD_all.png" x="350" y="200" width="50" height="50"/>
	<SubTexture name="DPAD_down.png" x="350" y="150" width="50" height="50"/>
	<SubTexture name="DPAD_left.png" x="350" y="100" width="50" height="50"/>
	<SubTexture name="DPAD_right.png" x="350" y="50" width="50" height="50"/>
	<SubTexture name="DPAD_up.png" x="350" y="0" width="50" height="50"/>
	<SubTexture name="car.png" x="0" y="400" width="50" height="50"/>
	<SubTexture name="cloud.png" x="0" y="350" width="50" height="50"/>
	<SubTexture name="cloudUpload.png" x="0" y="300" width="50" height="50"/>
	<SubTexture name="coin.png" x="0" y="250" width="50" height="50"/>
	<SubTexture name="controllerTilt.png" x="0" y="200" width="50" height="50"/>
	<SubTexture name="controllerTilt_left.png" x="0" y="150" width="50" height="50"/>
	<SubTexture name="controllerTilt_right.png" x="0" y="100" width="50" height="50"/>
	<SubTexture name="cpu.png" x="0" y="50" width="50" height="50"/>
	<SubTexture name="cursor.png" x="0" y="0" width="50" height="50"/>
	<SubTexture name="deviceTilt.png" x="200" y="0" width="50" height="50"/>
	<SubTexture name="deviceTilt_left.png" x="350" y="450" width="50" height="50"/>
	<SubTexture name="deviceTilt_right.png" x="350" y="400" width="50" height="50"/>
	<SubTexture name="diamond.png" x="350" y="350" width="50" height="50"/>
	<SubTexture name="download.png" x="350" y="300" width="50" height="50"/>
	<SubTexture name="fightFist.png" x="300" y="450" width="50" height="50"/>
	<SubTexture name="fightFist_circle.png" x="300" y="400" width="50" height="50"/>
	<SubTexture name="fightJ.png" x="300" y="350" width="50" height="50"/>
	<SubTexture name="fightJoy_00.png" x="300" y="300" width="50" height="50"/>
	<SubTexture name="fightJoy_01.png" x="300" y="250" width="50" height="50"/>
	<SubTexture name="fightJoy_02.png" x="300" y="200" width="50" height="50"/>
	<SubTexture name="fightJoy_03.png" x="300" y="150" width="50" height="50"/>
	<SubTexture name="fightJoy_04.png" x="300" y="100" width="50" height="50"/>
	<SubTexture name="fightJoy_05.png" x="300" y="50" width="50" height="50"/>
	<SubTexture name="fightJoy_06.png" x="300" y="0" width="50" height="50"/>
	<SubTexture name="fightJoy_07.png" x="250" y="450" width="50" height="50"/>
	<SubTexture name="fightJoy_08.png" x="250" y="400" width="50" height="50"/>
	<SubTexture name="fightJoy_09.png" x="250" y="350" width="50" height="50"/>
	<SubTexture name="fightJoy_10.png" x="250" y="300" width="50" height="50"/>
	<SubTexture name="fightJoy_11.png" x="250" y="250" width="50" height="50"/>
	<SubTexture name="fightJoy_12.png" x="250" y="200" width="50" height="50"/>
	<SubTexture name="fightJoy_13.png" x="250" y="150" width="50" height="50"/>
	<SubTexture name="fightJoy_14.png" x="250" y="100" width="50" height="50"/>
	<SubTexture name="fightJoy_15.png" x="250" y="50" width="50" height="50"/>
	<SubTexture name="fightJoy_16.png" x="250" y="0" width="50" height="50"/>
	<SubTexture name="fightJoy_17.png" x="200" y="450" width="50" height="50"/>
	<SubTexture name="fightJoy_18.png" x="200" y="400" width="50" height="50"/>
	<SubTexture name="fightJoy_19.png" x="200" y="350" width="50" height="50"/>
	<SubTexture name="fightJoy_20.png" x="200" y="300" width="50" height="50"/>
	<SubTexture name="fightJoy_21.png" x="200" y="250" width="50" height="50"/>
	<SubTexture name="fightJoy_22.png" x="200" y="200" width="50" height="50"/>
	<SubTexture name="fightJoy_23.png" x="200" y="150" width="50" height="50"/>
	<SubTexture name="fightJoy_24.png" x="200" y="100" width="50" height="50"/>
	<SubTexture name="fightJoy_25.png" x="200" y="50" width="50" height="50"/>
	<SubTexture name="fightJoy_26.png" x="400" y="0" width="50" height="50"/>
	<SubTexture name="fightJoy_27.png" x="150" y="450" width="50" height="50"/>
	<SubTexture name="fightJoy_28.png" x="150" y="400" width="50" height="50"/>
	<SubTexture name="fightJoy_29.png" x="150" y="350" width="50" height="50"/>
	<SubTexture name="fightJoy_30.png" x="150" y="300" width="50" height="50"/>
	<SubTexture name="fightJoy_31.png" x="150" y="250" width="50" height="50"/>
	<SubTexture name="figurine.png" x="150" y="200" width="50" height="50"/>
	<SubTexture name="fistPlus.png" x="150" y="150" width="50" height="50"/>
	<SubTexture name="flag.png" x="150" y="100" width="50" height="50"/>
	<SubTexture name="joystick.png" x="150" y="50" width="50" height="50"/>
	<SubTexture name="joystickL_side.png" x="150" y="0" width="50" height="50"/>
	<SubTexture name="joystickL_top.png" x="100" y="450" width="50" height="50"/>
	<SubTexture name="joystickLeft.png" x="100" y="400" width="50" height="50"/>
	<SubTexture name="joystickR_side.png" x="100" y="350" width="50" height="50"/>
	<SubTexture name="joystickR_top.png" x="100" y="300" width="50" height="50"/>
	<SubTexture name="joystickRight.png" x="100" y="250" width="50" height="50"/>
	<SubTexture name="key.png" x="100" y="200" width="50" height="50"/>
	<SubTexture name="keyLarge.png" x="100" y="150" width="50" height="50"/>
	<SubTexture name="keyLarge_3d.png" x="100" y="100" width="50" height="50"/>
	<SubTexture name="keySmall.png" x="100" y="50" width="50" height="50"/>
	<SubTexture name="keySmall_3d.png" x="100" y="0" width="50" height="50"/>
	<SubTexture name="mouse.png" x="50" y="450" width="50" height="50"/>
	<SubTexture name="mouseLeft.png" x="50" y="400" width="50" height="50"/>
	<SubTexture name="mouseMiddle.png" x="50" y="350" width="50" height="50"/>
	<SubTexture name="mouseRight.png" x="50" y="300" width="50" height="50"/>
	<SubTexture name="pointer.png" x="50" y="250" width="50" height="50"/>
	<SubTexture name="toolBrush.png" x="50" y="200" width="50" height="50"/>
	<SubTexture name="toolEraser.png" x="50" y="150" width="50" height="50"/>
	<SubTexture name="toolFill.png" x="50" y="100" width="50" height="50"/>
	<SubTexture name="toolPencil.png" x="50" y="50" width="50" height="50"/>
	<SubTexture name="upload.png" x="50" y="0" width="50" height="50"/>
	<SubTexture name="userRobot.png" x="0" y="450" width="50" height="50"/>
</TextureAtlas>