<TextureAtlas imagePath="sprites.png">
	<SubTexture name="hexagonTile_01.png" x="120" y="280" width="120" height="140"/>
	<SubTexture name="hexagonTile_02.png" x="360" y="140" width="120" height="141"/>
	<SubTexture name="hexagonTile_03.png" x="360" y="0" width="120" height="140"/>
	<SubTexture name="hexagonTile_04.png" x="240" y="280" width="120" height="140"/>
	<SubTexture name="hexagonTile_05.png" x="240" y="140" width="120" height="140"/>
	<SubTexture name="hexagonTile_06.png" x="240" y="0" width="120" height="140"/>
	<SubTexture name="hexagonTile_07.png" x="360" y="281" width="120" height="140"/>
	<SubTexture name="hexagonTile_08.png" x="120" y="140" width="120" height="140"/>
	<SubTexture name="hexagonTile_09.png" x="120" y="0" width="120" height="140"/>
	<SubTexture name="hexagonTile_10.png" x="0" y="280" width="120" height="140"/>
	<SubTexture name="hexagonTile_11.png" x="0" y="140" width="120" height="140"/>
	<SubTexture name="hexagonTile_12.png" x="0" y="0" width="120" height="140"/>
</TextureAtlas>