<TextureAtlas imagePath="sprites.png">
	<SubTexture name="topdownTile_01.png" x="128" y="256" width="128" height="128"/>
	<SubTexture name="topdownTile_02.png" x="0" y="384" width="128" height="128"/>
	<SubTexture name="topdownTile_03.png" x="0" y="640" width="128" height="128"/>
	<SubTexture name="topdownTile_04.png" x="128" y="128" width="128" height="128"/>
	<SubTexture name="topdownTile_05.png" x="128" y="384" width="128" height="128"/>
	<SubTexture name="topdownTile_06.png" x="128" y="640" width="128" height="128"/>
	<SubTexture name="topdownTile_07.png" x="128" y="512" width="128" height="128"/>
	<SubTexture name="topdownTile_08.png" x="0" y="512" width="128" height="128"/>
	<SubTexture name="topdownTile_09.png" x="384" y="640" width="128" height="128"/>
	<SubTexture name="topdownTile_10.png" x="512" y="0" width="128" height="128"/>
	<SubTexture name="topdownTile_11.png" x="512" y="128" width="128" height="128"/>
	<SubTexture name="topdownTile_12.png" x="256" y="384" width="128" height="128"/>
	<SubTexture name="topdownTile_13.png" x="512" y="384" width="128" height="128"/>
	<SubTexture name="topdownTile_14.png" x="512" y="256" width="128" height="128"/>
	<SubTexture name="topdownTile_15.png" x="512" y="640" width="128" height="128"/>
	<SubTexture name="topdownTile_16.png" x="640" y="256" width="128" height="128"/>
	<SubTexture name="topdownTile_17.png" x="640" y="640" width="128" height="128"/>
	<SubTexture name="topdownTile_18.png" x="640" y="512" width="128" height="128"/>
	<SubTexture name="topdownTile_19.png" x="512" y="512" width="128" height="128"/>
	<SubTexture name="topdownTile_20.png" x="640" y="384" width="128" height="128"/>
	<SubTexture name="topdownTile_21.png" x="640" y="128" width="128" height="128"/>
	<SubTexture name="topdownTile_22.png" x="640" y="0" width="128" height="128"/>
	<SubTexture name="topdownTile_23.png" x="256" y="256" width="128" height="128"/>
	<SubTexture name="topdownTile_24.png" x="256" y="128" width="128" height="128"/>
	<SubTexture name="topdownTile_25.png" x="256" y="0" width="128" height="128"/>
	<SubTexture name="topdownTile_26.png" x="0" y="128" width="128" height="128"/>
	<SubTexture name="topdownTile_27.png" x="0" y="0" width="128" height="128"/>
	<SubTexture name="topdownTile_28.png" x="128" y="0" width="128" height="128"/>
	<SubTexture name="topdownTile_29.png" x="0" y="256" width="128" height="128"/>
	<SubTexture name="topdownTile_30.png" x="384" y="512" width="128" height="128"/>
	<SubTexture name="topdownTile_31.png" x="384" y="384" width="128" height="128"/>
	<SubTexture name="topdownTile_32.png" x="384" y="256" width="128" height="128"/>
	<SubTexture name="topdownTile_33.png" x="384" y="128" width="128" height="128"/>
	<SubTexture name="topdownTile_34.png" x="384" y="0" width="128" height="128"/>
	<SubTexture name="topdownTile_35.png" x="256" y="640" width="128" height="128"/>
	<SubTexture name="topdownTile_36.png" x="256" y="512" width="128" height="128"/>
	<SubTexture name="topdownTile_37.png" x="126" y="768" width="106" height="78"/>
	<SubTexture name="topdownTile_38.png" x="232" y="768" width="96" height="68"/>
	<SubTexture name="topdownTile_39.png" x="328" y="768" width="88" height="110"/>
	<SubTexture name="topdownTile_40.png" x="0" y="768" width="126" height="118"/>
	<SubTexture name="topdownTile_41.png" x="126" y="846" width="40" height="40"/>
	<SubTexture name="topdownTile_42.png" x="468" y="768" width="52" height="52"/>
	<SubTexture name="topdownTile_43.png" x="572" y="768" width="40" height="64"/>
	<SubTexture name="topdownTile_44.png" x="416" y="768" width="52" height="52"/>
	<SubTexture name="topdownTile_45.png" x="206" y="846" width="40" height="40"/>
	<SubTexture name="topdownTile_46.png" x="416" y="820" width="52" height="52"/>
	<SubTexture name="topdownTile_47.png" x="652" y="768" width="40" height="64"/>
	<SubTexture name="topdownTile_48.png" x="520" y="768" width="52" height="52"/>
	<SubTexture name="topdownTile_49.png" x="166" y="846" width="40" height="40"/>
	<SubTexture name="topdownTile_50.png" x="468" y="820" width="52" height="52"/>
	<SubTexture name="topdownTile_51.png" x="612" y="768" width="40" height="64"/>
	<SubTexture name="topdownTile_52.png" x="520" y="820" width="52" height="52"/>
</TextureAtlas>